-- phpMyAdmin SQL Dump
-- version 5.2.1
-- https://www.phpmyadmin.net/
--
-- Host: 127.0.0.1
-- Creato il: Feb 15, 2026 alle 12:17
-- Versione del server: 10.4.32-MariaDB
-- Versione PHP: 8.2.12

SET SQL_MODE = "NO_AUTO_VALUE_ON_ZERO";
START TRANSACTION;
SET time_zone = "+00:00";


/*!40101 SET @OLD_CHARACTER_SET_CLIENT=@@CHARACTER_SET_CLIENT */;
/*!40101 SET @OLD_CHARACTER_SET_RESULTS=@@CHARACTER_SET_RESULTS */;
/*!40101 SET @OLD_COLLATION_CONNECTION=@@COLLATION_CONNECTION */;
/*!40101 SET NAMES utf8mb4 */;

--
-- Database: `milan_db`
--

-- --------------------------------------------------------

--
-- Struttura della tabella `giocatore`
--

CREATE TABLE `giocatore` (
  `idGiocatore` int(11) NOT NULL,
  `nome` varchar(50) NOT NULL,
  `cognome` varchar(50) NOT NULL,
  `dataNascita` date DEFAULT NULL,
  `ruolo` varchar(30) DEFAULT NULL,
  `foto` varchar(255) DEFAULT NULL
) ENGINE=InnoDB DEFAULT CHARSET=utf8mb4 COLLATE=utf8mb4_general_ci;

--
-- Dump dei dati per la tabella `giocatore`
--

INSERT INTO `giocatore` (`idGiocatore`, `nome`, `cognome`, `dataNascita`, `ruolo`, `foto`) VALUES
(1, 'Christian', 'Abbiati', '1977-07-08', 'Portiere', 'img/giocatori/Abbiati.jpg'),
(2, 'Marco', 'Storari', '1977-01-07', 'Portiere', 'img/giocatori/storari.jpg'),
(3, 'Nelson', 'Dida', '1973-10-07', 'Portiere', 'img/giocatori/dida.jpg'),
(4, 'Thiago', 'Silva', '1984-09-22', 'Difensore', 'img/giocatori/thiagosilva.jpg'),
(5, 'Alessandro', 'Nesta', '1976-03-19', 'Difensore', 'img/giocatori/nesta.jpg'),
(6, 'Daniele', 'Bonera', '1981-05-31', 'Difensore', 'img/giocatori/bonera.jpg'),
(7, 'Oguchi', 'Onyewu', '1982-05-13', 'Difensore', 'img/giocatori/onyewu.jpg'),
(8, 'Marek', 'Jankulovski', '1977-05-09', 'Difensore', 'img/giocatori/jankulovski.jpg'),
(9, 'Luca', 'Antonini', '1982-08-04', 'Difensore', 'img/giocatori/Antonini.jpg'),
(10, 'Ignazio', 'Abate', '1986-12-11', 'Difensore', 'img/giocatori/Abate.jpg'),
(11, 'Gianluca', 'Zambrotta', '0000-00-00', 'Difensore', 'img/giocatori/Zambrotta.jpg'),
(12, 'Massimo', 'Oddo', '0000-00-00', 'Difensore', 'img/giocatori/Oddo.jpg'),
(13, 'Andrea', 'Pirlo', '1979-05-19', 'Centrocampista', 'img/giocatori/Pirlo.jpg'),
(14, 'Mathieu', 'Flamini', '1984-03-07', 'Centrocampista', 'img/giocatori/Flamini.jpg'),
(15, 'Gennaro', 'Gattuso', '1978-01-09', 'Centrocampista', 'img/giocatori/Gattuso.jpg'),
(16, 'Massimo', 'Ambrosini', '1977-05-29', 'Centrocampista', 'img/giocatori/Ambrosini.jpg'),
(17, 'Clarence', 'Seedorf', '1976-04-01', 'Centrocampista', 'img/giocatori/Seedorf.jpg'),
(18, 'David', 'Beckham', '1975-05-02', 'Centrocampista', 'img/giocatori/Beckham.jpg'),
(19, 'Alexandre', 'Pato', '1989-09-02', 'Attaccante', 'img/giocatori/pato.jpg'),
(20, 'Klaas-Jan', 'Huntelaar', '1983-08-12', 'Attaccante', 'img/giocatori/Huntelaar.jpg'),
(21, 'Filippo', 'Inzaghi', '1973-08-09', 'Attaccante', 'img/giocatori/Inzaghi.jpg'),
(22, 'Ronaldinho', 'de Assis', '1980-03-21', 'Attaccante', 'img/giocatori/ronaldinho.jpg'),
(23, 'Marco', 'Amelia', '1982-04-02', 'Portiere', 'img/giocatori/Amelia.jpg'),
(24, 'Papastathopoulos', 'Sokratis', '1988-06-09', 'Difensore', 'img/giocatori/Sokratis.jpg'),
(25, 'Mario', 'Yepes', '1976-01-13', 'Difensore', 'img/giocatori/Yepes.jpg'),
(26, 'Urby', 'Emanuelson', '1986-06-16', 'Centrocampista', 'img/giocatori/Emanuelson.jpg'),
(27, 'Mark', 'Van Bommel', '1977-04-22', 'Centrocampista', 'img/giocatori/Van_Bommel.jpg'),
(28, 'Kevin-Prince', 'Boateng', '1987-03-06', 'Centrocampista', 'img/giocatori/boateng.jpg'),
(29, 'Antonio', 'Cassano', '1982-07-12', 'Attaccante', 'img/giocatori/Cassano.jpg'),
(30, 'Robson de Souza Santos ', 'Robinho', '1984-01-25', 'Attaccante', 'img/giocatori/robinho.jpg'),
(31, 'Nnamdi', 'Oduamadi', '1999-10-17', 'Attaccante', 'img/giocatori/Oduamadi.jpg'),
(32, 'Zlatan', 'Ibrahimović', '1981-10-03', 'Attaccante', 'img/giocatori/ibra.jpg'),
(33, 'Mike', 'Maignan', '1995-07-03', 'Portiere', 'img/giocatori/maignan.jpg'),
(34, 'Pietro', 'Terraciano', '1990-03-08', 'Portiere', 'img/giocatori/pTerraciano.jpg'),
(35, 'Strahinja', 'Pavlovic', '2001-05-24', 'Difensore', 'img/giocatori/pavlovic.jpg'),
(36, 'Koni', 'De Winter', '2002-06-12', 'Difensore', 'img/giocatori/De_Winter.jpg'),
(37, 'Fikayo', 'Tomori', '1997-12-19', 'Difensore', 'img/giocatori/tomori.jpg'),
(38, 'Matteo', 'Gabbia', '1999-10-21', 'Difensore', 'img/giocatori/gabbia.jpg'),
(39, 'Davide', 'Bartesaghi', '2005-12-29', 'Difensore', 'img/giocatori/bartesaghi.jpg'),
(40, 'Pervis', 'Estupinian', '1998-01-21', 'Difensore', 'img/giocatori/Estupinian.jpg'),
(41, 'Zachary', 'Athekame', '2004-12-13', 'Difensore', 'img/giocatori/Athekame.jpg'),
(42, 'Ardon', 'Jashari', '2002-07-30', 'Centrocampista', 'img/giocatori/Jashari.jpg'),
(43, 'Yossouf', 'Fofana', '1999-01-10', 'Centrocampista', 'img/giocatori/fofana.jpg'),
(44, 'Samuele', 'Ricci', '2001-08-21', 'Centrocampista', 'img/giocatori/ricci.jpg'),
(45, 'Adrien', 'Rabiot', '1995-04-03', 'Centrocampista', 'img/giocatori/rabiot.jpg'),
(46, 'Ruben', 'Loftus-Cheek', '1996-01-23', 'Centrocampista', 'img/giocatori/rubs.jpg'),
(47, 'Luka', 'Modric', '1985-09-09', 'Centrocampista', 'img/giocatori/modric.jpg'),
(48, 'Alexis', 'Saelemaekers', '1999-06-27', 'Centrocampista', 'img/giocatori/saelemaekers.jpg'),
(49, 'Rafael', 'Leao', '1999-06-10', 'Attaccante', 'img/giocatori/leao.jpg'),
(50, 'Christian', 'Pulisic', '1998-09-18', 'Attaccante', 'img/giocatori/pulisic.jpg'),
(51, 'Christopher', 'Nkunku', '1997-11-14', 'Attaccante', 'img/giocatori/nkunku.jpg'),
(52, 'Santiago', 'Gimenez', '2001-04-18', 'Attaccante', 'img/giocatori/Gimenez.jpg'),
(53, 'Niclas', 'Fullkrug', '1993-02-09', 'Attaccante', 'img/giocatori/Fullkrug.jpg'),
(54, 'Marco', 'Sportiello', '1992-05-10', 'Portiere', 'img/giocatori/Sportiello.jpg'),
(55, 'Lapo', 'Nava', '2004-01-22', 'Portiere', 'img/giocatori/Nava.jpg'),
(56, 'Malick', 'Thiaw', '2001-08-08', 'Difensore centrale', 'img/giocatori/Thiaw.jpg'),
(57, 'Filippo', 'Terracciano', '2003-02-08', 'Difensore centrale', 'img/giocatori/fTerracciano.jpg'),
(58, 'Theo', 'Hernández', '1997-10-06', 'Terzino sinistro', 'img/giocatori/theo.jpg'),
(59, 'Álex', 'Jiménez', '2005-05-08', 'Terzino destro', 'img/giocatori/Jiménez.jpg'),
(60, 'Emerson', 'Royal', '1999-01-14', 'Terzino destro', 'img/giocatori/Royal.jpg'),
(61, 'Davide', 'Calabria', '1996-12-06', 'Terzino destro', 'img/giocatori/calabria.jpg'),
(62, 'Kyle', 'Walker', '1990-05-28', 'Terzino destro', 'img/giocatori/Walker.jpg'),
(63, 'Alessandro', 'Florenzi', '1991-03-11', 'Terzino destro', 'img/giocatori/Florenzi.jpg'),
(64, 'Ismaël', 'Bennacer', '1997-12-01', 'Mediano', 'img/giocatori/bennacer.jpg'),
(65, 'Tijjani', 'Reijnders', '1998-07-29', 'Centrocampista', 'img/giocatori/Reijnders.jpg'),
(66, 'Yunus', 'Musah', '2002-11-29', 'Centrocampista', 'img/giocatori/Musah.jpg'),
(67, 'Warren', 'Bondo', '2003-09-15', 'Centrocampista', 'img/giocatori/Bondo.jpg'),
(68, 'Mattia', 'Liberali', '2007-04-06', 'Trequartista', 'img/giocatori/Liberali.jpg'),
(69, 'Noah', 'Okafor', '2000-05-24', 'Ala sinistra', 'img/giocatori/Okafor.jpg'),
(70, 'Riccardo', 'Sottil', '1999-06-03', 'Ala sinistra', 'img/giocatori/Sottil.jpg'),
(71, 'Chaka', 'Traorè', '2004-12-23', 'Ala sinistra', 'img/giocatori/Traorè.jpg'),
(72, 'Samuel', 'Chukwueze', '1999-05-22', 'Ala destra', 'img/giocatori/Chukwueze.jpg'),
(73, 'João', 'Félix', '1999-11-10', 'Seconda punta', 'img/giocatori/Félix.jpg'),
(74, 'Tammy', 'Abraham', '1997-10-02', 'Punta centrale', 'img/giocatori/Abraham.jpg'),
(75, 'Álvaro', 'Morata', '1992-10-23', 'Punta centrale', 'img/giocatori/Morata.jpg'),
(76, 'Francesco', 'Camarda', '2008-03-10', 'Punta centrale', NULL),
(77, 'Luka', 'Jović', '1997-12-23', 'Punta centrale', NULL),
(78, 'Antonio', 'Mirante', '1983-07-08', 'Portiere', NULL),
(79, 'Pierre', 'Kalulu', '2000-06-05', 'Difensore centrale', 'img/giocatori/kalulu.jpg'),
(80, 'Jan-Carlo', 'Simić', '2005-05-02', 'Difensore centrale', NULL),
(81, 'Marco', 'Pellegrino', '2002-07-18', 'Difensore centrale', NULL),
(82, 'Simon', 'Kjaer', '1989-03-26', 'Difensore centrale', 'img/giocatori/kjaer.jpg'),
(83, 'Mattia', 'Caldara', '1994-05-05', 'Difensore centrale', NULL),
(84, 'Yacine', 'Adli', '2000-07-29', 'Mediano', NULL),
(85, 'Rade', 'Krunic', '1993-10-07', 'Mediano', 'img/giocatori/krunic.jpg'),
(86, 'Tommaso', 'Pobega', '1999-07-15', 'Centrocampista', NULL),
(87, 'Diego', 'Sia', '2006-03-10', 'Ala sinistra', NULL),
(88, 'Luka', 'Romero', '2004-11-18', 'Ala destra', NULL),
(89, 'Lorenzo', 'Colombo', '2002-03-08', 'Punta centrale', NULL),
(90, 'Olivier', 'Giroud', '1986-09-30', 'Punta centrale', 'img/giocatori/giroud.jpg'),
(91, 'Ciprian', 'Tătărușanu', '1986-02-09', 'Portiere', 'img/giocatori/Tătărușanu.jpg'),
(92, 'Devis', 'Vásquez', '1998-05-12', 'Portiere', NULL),
(93, 'Andreas', 'Jungdal', '2002-02-22', 'Portiere', NULL),
(94, 'Andrei', 'Coubiș', '2003-09-29', 'Difensore centrale', NULL),
(95, 'Fodé', 'Ballo-Touré', '1997-01-03', 'Terzino sinistro', NULL),
(96, 'Andrea', 'Bozzolan', '2004-02-23', 'Terzino sinistro', NULL),
(97, 'Sergiño', 'Dest', '2000-11-03', 'Terzino destro', 'img/giocatori/dest.jpg'),
(98, 'Sandro', 'Tonali', '2000-05-08', 'Mediano', 'img/giocatori/tonali.jpg'),
(99, 'Tiemoué', 'Bakayoko', '1994-08-17', 'Mediano', NULL),
(100, 'Aster', 'Vranckx', '2002-10-04', 'Centrocampista', NULL),
(101, 'Antonio', 'Gala', '2004-06-07', 'Centrocampista', NULL),
(102, 'Charles', 'De Ketelaere', '2001-03-10', 'Trequartista', NULL),
(103, 'Ante', 'Rebić', '1993-09-21', 'Ala sinistra', 'img/giocatori/rebic.jpg'),
(104, 'Brahim', 'Díaz', '1999-08-03', 'Ala destra', 'img/giocatori/brahim.jpg'),
(105, 'Junior', 'Messias', '1991-05-13', 'Ala destra', 'img/giocatori/messias.jpg'),
(106, 'Divock', 'Origi', '1995-04-18', 'Punta centrale', NULL),
(107, 'Marko', 'Lazetić', '2004-01-22', 'Punta centrale', NULL),
(108, 'Alessandro', 'Plizzari', '2000-03-12', 'Portiere', NULL),
(109, 'Sebastiano', 'Desplanches', '2003-03-11', 'Portiere', NULL),
(110, 'Alessio', 'Romagnoli', '1995-01-12', 'Difensore centrale', 'img/giocatori/romagnoli.jpg'),
(111, 'Luca', 'Stanga', '2002-01-23', 'Difensore centrale', NULL),
(112, 'Andrea', 'Conti', '1994-03-02', 'Terzino destro', 'img/giocatori/Conti.jpg'),
(113, 'Franck', 'Kessié', '1996-12-19', 'Centrocampista', 'img/giocatori/kessie.jpg'),
(114, 'Enrico', 'Di Gesù', '2002-03-26', 'Centrocampista', NULL),
(115, 'Daniel', 'Maldini', '2001-10-11', 'Trequartista', 'img/giocatori/dmaldini.jpg'),
(116, 'Emil', 'Roback', '2003-05-03', 'Ala sinistra', NULL),
(117, 'Samu', 'Castillejo', '1995-01-18', 'Ala destra', NULL),
(118, 'Pietro', 'Pellegri', '2001-03-17', 'Punta centrale', NULL),
(119, 'Gianluigi', 'Donnarumma', '1999-02-25', 'Portiere', 'img/giocatori/gigio.jpg'),
(120, 'Antonio', 'Donnarumma', '1990-07-07', 'Portiere', 'img/giocatori/antoh.jpg'),
(121, 'Leonardo', 'Moleri', '2002-01-18', 'Portiere', NULL),
(122, 'Léo', 'Duarte', '1996-07-17', 'Difensore centrale', NULL),
(123, 'Mateo', 'Musacchio', '1990-08-26', 'Difensore centrale', 'img/giocatori/Musacchio.jpg'),
(124, 'Nikolaos', 'Michelis', '2001-03-23', 'Difensore centrale', NULL),
(125, 'Diego', 'Laxalt', '1993-02-07', 'Terzino sinistro', NULL),
(126, 'Diogo', 'Dalot', '1999-03-18', 'Terzino destro', NULL),
(127, 'Hakan', 'Çalhanoğlu', '1994-02-08', 'Centrocampista', 'img/giocatori/kebab.jpg'),
(128, 'Soualiho', 'Meïté', '1994-03-17', 'Centrocampista', 'img/giocatori/Meïté.jpg'),
(129, 'Marco', 'Frigerio', '2001-07-16', 'Centrocampista', NULL),
(130, 'Antonio', 'Mionic', '2001-05-31', 'Centrocampista', NULL),
(131, 'Lucas', 'Paquetá', '1997-08-27', 'Trequartista', 'img/giocatori/paqueta.jpg'),
(132, 'Giacomo', 'Olzer', '2001-04-14', 'Trequartista', NULL),
(133, 'Jens Petter', 'Hauge', '1999-10-12', 'Ala sinistra', 'img/giocatori/Hauge.jpg'),
(134, 'Lorenzo', 'Colombo', '2002-03-08', 'Punta centrale', NULL),
(135, 'Mario', 'Mandžukić', '1986-05-21', 'Punta centrale', NULL),
(136, 'Riccardo', 'Tonin', '2001-01-30', 'Punta centrale', NULL),
(137, 'Asmir', 'Begovic', '1987-06-20', 'Portiere', NULL),
(138, 'Pepe', 'Reina', '1982-08-31', 'Portiere', NULL),
(139, 'Matteo', 'Soncin', '2001-03-28', 'Portiere', NULL),
(140, 'Ricardo', 'Rodríguez', '1992-08-25', 'Terzino sinistro', 'img/giocatori/ricardo.jpg'),
(141, 'Lucas', 'Biglia', '1986-01-30', 'Mediano', NULL),
(142, 'Emanuele', 'Torrasi', '1999-03-16', 'Mediano', NULL),
(143, 'Marco', 'Brescianini', '2000-01-20', 'Centrocampista', NULL),
(144, 'Suso', 'Suso', '1993-11-19', 'Trequartista', 'img/giocatori/suso.jpg'),
(145, 'Giacomo', 'Bonaventura', '1989-08-22', 'Trequartista', NULL),
(146, 'Krzysztof', 'Piatek', '1995-07-01', 'Punta centrale', 'img/giocatori/piatek.jpg'),
(147, 'André', 'Silva', '1995-11-06', 'Punta centrale', NULL),
(148, 'Fabio', 'Borini', '1991-03-29', 'Punta centrale', NULL),
(149, 'Gustavo', 'Gómez', '1993-05-06', 'Difensore centrale', NULL),
(150, 'Cristian', 'Zapata', '1986-09-30', 'Difensore centrale', NULL),
(151, 'Stefan', 'Simic', '1995-01-20', 'Difensore centrale', NULL),
(152, 'Ivan', 'Strinic', '1987-07-17', 'Terzino sinistro', NULL),
(153, 'Gian Filippo', 'Felicioli', '1997-09-30', 'Terzino sinistro', NULL),
(154, 'Andrés', 'Llamas', '1998-05-07', 'Terzino sinistro', NULL),
(155, 'Manuel', 'Locatelli', '1998-01-08', 'Mediano', 'img/giocatori/Locatelli.jpg'),
(156, 'Riccardo', 'Montolivo', '1985-01-18', 'Mediano', 'img/giocatori/Montolivo.jpg'),
(157, 'Alexandro', 'Cavagnera', '1998-12-01', 'Mediano', NULL),
(158, 'Andrea', 'Bertolacci', '1991-01-11', 'Centrocampista', NULL),
(159, 'José', 'Mauri', '1996-05-16', 'Centrocampista', NULL),
(160, 'Raoul', 'Bellanova', '2000-05-17', 'Esterno di destra', 'img/giocatori/bellanova.jpg'),
(161, 'Alen', 'Halilovic', '1996-06-18', 'Trequartista', NULL),
(162, 'Tiago', 'Dias', '1998-05-04', 'Ala sinistra', NULL),
(163, 'Gonzalo', 'Higuaín', '1987-12-10', 'Punta centrale', 'img/giocatori/higuain.jpg'),
(164, 'Patrick', 'Cutrone', '1998-01-03', 'Punta centrale', 'img/giocatori/Cutrone.jpg'),
(165, 'Frank', 'Tsadjout', '1999-07-28', 'Punta centrale', NULL),
(166, 'Ismet', 'Sinani', '1999-05-31', 'Punta centrale', NULL),
(167, 'Gabriel', 'Gabriel', '1992-09-27', 'Portiere', NULL),
(168, 'Alessandro', 'Guarnone', '1999-03-27', 'Portiere', NULL),
(169, 'Leonardo', 'Bonucci', '1987-05-01', 'Difensore centrale', 'img/giocatori/bonucci.jpg'),
(170, 'Gustavo', 'Gómez', '1993-05-06', 'Difensore centrale', NULL),
(171, 'Cristian', 'Zapata', '1986-09-30', 'Difensore centrale', NULL),
(172, 'Gabriel', 'Paletta', '1986-02-15', 'Difensore centrale', NULL),
(173, 'Luca', 'Antonelli', '1987-02-11', 'Terzino sinistro', NULL),
(174, 'Manuel', 'Locatelli', '1998-01-08', 'Mediano', 'img/giocatori/Locatelli.jpg'),
(175, 'Riccardo', 'Montolivo', '1985-01-18', 'Mediano', 'img/giocatori/Montolivo.jpg'),
(176, 'José', 'Sosa', '1985-06-19', 'Trequartista', NULL),
(177, 'Hachim', 'Mastour', '1998-06-15', 'Trequartista', NULL),
(178, 'Tiago', 'Dias', '1998-05-04', 'Ala sinistra', NULL),
(179, 'Riccardo', 'Forte', '1999-05-17', 'Seconda punta', NULL),
(180, 'Nikola', 'Kalinić', '1988-01-05', 'Punta centrale', NULL),
(181, 'M\'Baye', 'Niang', '1994-12-19', 'Punta centrale', 'img/giocatori/niang.jpg'),
(182, 'Jherson', 'Vergara', '1994-05-26', 'Difensore centrale', NULL),
(183, 'Alessandro', 'Guarnone', '1999-03-27', 'Portiere', NULL),
(184, 'Diego', 'López', '1981-11-03', 'Portiere', NULL),
(185, 'Alessandro', 'Livieri', '1997-01-21', 'Portiere', NULL),
(186, 'Rodrigo', 'Ely', '1993-11-03', 'Difensore centrale', NULL),
(187, 'Giorgio', 'Altare', '1998-08-09', 'Difensore centrale', NULL),
(188, 'Alex', 'Alex', '1982-06-17', 'Difensore centrale', NULL),
(189, 'Philippe', 'Mexès', '1982-03-30', 'Difensore centrale', NULL),
(190, 'Cristian', 'Zaccardo', '1981-12-21', 'Difensore centrale', NULL),
(191, 'Ivan', 'De Santis', '1997-05-21', 'Difensore centrale', NULL),
(192, 'Francesco', 'Bordi', '1997-01-28', 'Difensore centrale', NULL),
(193, 'Raul', 'Zucchetti', '1998-01-28', 'Terzino sinistro', NULL),
(194, 'Zakaria', 'Hamadi', '1998-03-21', 'Terzino sinistro', NULL),
(195, 'Mattia', 'El Hilali', '1998-01-20', 'Centrocampista', NULL),
(196, 'Antonio', 'Nocerino', '1985-04-09', 'Centrocampista', NULL),
(197, 'Giovanni', 'Crociata', '1997-08-11', 'Centrocampista', NULL),
(198, 'Nigel', 'de Jong', '1984-11-30', 'Centrocampista', NULL),
(199, 'Sebastián', 'Gamarra', '1997-01-15', 'Centrocampista', NULL),
(200, 'Matías', 'Fernández', '1986-05-15', 'Trequartista', NULL),
(201, 'Alessio', 'Cerci', '1987-07-23', 'Trequartista', 'img/giocatori/Cerci.jpg'),
(202, 'Lucas', 'Ocampos', '1994-07-11', 'Ala sinistra', NULL),
(203, 'Carlos', 'Bacca', '1986-09-08', 'Punta centrale', 'img/giocatori/bacca.jpg'),
(204, 'Gerard', 'Deulofeu', '1994-03-13', 'Punta centrale', NULL),
(205, 'Gianluca', 'Lapadula', '1990-02-07', 'Punta centrale', 'img/giocatori/lapadula.jpg'),
(206, 'Luiz', 'Adriano', '1987-04-12', 'Punta centrale', 'img/giocatori/adriano.jpg'),
(207, 'Jérémy', 'Ménez', '1987-05-07', 'Punta centrale', 'img/giocatori/Ménez.jpg'),
(208, 'Mario', 'Balotelli', '1990-08-12', 'Punta centrale', 'img/giocatori/balo.jpg'),
(209, 'Alessandro', 'Matri', '1984-08-19', 'Punta centrale', NULL),
(210, 'Luca', 'Vido', '1997-02-03', 'Punta centrale', NULL),
(211, 'Michael', 'Agazzi', '1984-07-03', 'Portiere', NULL),
(212, 'Marco', 'Amelia', '1982-04-02', 'Portiere', 'img/giocatori/Amelia.jpg'),
(213, 'Ferdinando', 'Coppola', '1978-06-10', 'Portiere', NULL),
(214, 'Lorenzo', 'Ferrari', '1996-03-09', 'Portiere', NULL),
(215, 'Lorenzo', 'Andrenacci', '1995-01-02', 'Portiere', NULL),
(216, 'Matías', 'Silvestre', '1984-09-25', 'Difensore centrale', NULL),
(217, 'Luca', 'Iotti', '1995-11-09', 'Difensore centrale', NULL),
(218, 'Kévin', 'Constant', '1987-05-10', 'Terzino sinistro', NULL),
(219, 'Zan', 'Benedicic', '1995-10-03', 'Mediano', NULL),
(220, 'Adel', 'Taarabt', '1989-05-24', 'Centrocampista', NULL),
(221, 'Marco', 'Pinato', '1995-01-09', 'Centrocampista', NULL),
(222, 'Andrej', 'Modic', '1996-03-07', 'Centrocampista', NULL),
(223, 'Davide', 'Di Molfetta', '1996-06-23', 'Trequartista', NULL),
(224, 'Stephan', 'El Shaarawy', '1992-10-27', 'Ala sinistra', 'img/giocatore/El Shaarawy.jpg'),
(225, 'Riccardo', 'Saponara', '1991-12-21', 'Trequartista', NULL),
(226, 'Valter', 'Birsa', '1986-08-07', 'Trequartista', NULL),
(227, 'Andrea', 'Petagna', '1995-06-30', 'Punta centrale', NULL),
(228, 'Davide', 'Narduzzo', '1994-08-16', 'Portiere', NULL),
(229, 'Lazar', 'Petkovic', '1995-04-17', 'Portiere', NULL),
(230, 'Francesco', 'Acerbi', '1988-02-10', 'Difensore centrale', NULL),
(231, 'Bartosz', 'Salamon', '1991-05-01', 'Difensore centrale', NULL),
(232, 'Kévin', 'Constant', '1987-05-10', 'Terzino sinistro', NULL),
(233, 'Dídac', 'Vilà', '1989-06-09', 'Terzino sinistro', NULL),
(234, 'Djamel', 'Mesbah', '1984-10-09', 'Terzino sinistro', NULL),
(235, 'Mattia', 'De Sciglio', '1992-10-20', 'Terzino destro', NULL),
(236, 'Rodney', 'Strasser', '1990-03-30', 'Mediano', NULL),
(237, 'Bryan', 'Cristante', '1995-03-03', 'Mediano', NULL),
(238, 'Sulley', 'Muntari', '1984-08-27', 'Centrocampista', 'img/giocatori/Muntari.jpg'),
(239, 'Bakaye', 'Traoré', '1985-03-06', 'Centrocampista', 'img/giocatori/Traorè.jpg'),
(240, 'Mattia', 'Valoti', '1993-09-06', 'Centrocampista', NULL),
(241, 'Bojan', 'Krkic', '1990-08-28', 'Seconda punta', NULL),
(242, 'Adrià', 'Carmona', '1992-02-08', 'Ala sinistra', NULL),
(243, 'Taye', 'Taiwo', '1985-04-16', 'Terzino sinistro', NULL),
(244, 'Alberto', 'Aquilani', '1984-07-07', 'Centrocampista', NULL),
(245, 'Alexander', 'Merkel', '1992-02-22', 'Centrocampista', NULL),
(246, 'Alessio', 'Innocenti', '1993-02-04', 'Mediano', NULL),
(247, 'Simone', 'Calvano', '1993-07-11', 'Centrocampista', NULL),
(248, 'Kingsley', 'Boateng', '1994-04-07', 'Ala destra', NULL),
(249, 'Maxi', 'López', '1984-04-03', 'Punta centrale', NULL),
(250, 'Simone', 'Ganz', '1993-09-21', 'Punta centrale', NULL),
(251, 'Gianmario', 'Comi', '1992-03-05', 'Punta centrale', NULL),
(252, 'Kaká', 'Kaká', '1982-04-22', 'Trequartista', 'img/giocatori/kaka.jpg'),
(253, 'Keisuke', 'Honda', '1986-06-13', 'Trequartista', NULL);

-- --------------------------------------------------------

--
-- Struttura della tabella `stagione`
--

CREATE TABLE `stagione` (
  `idStagione` int(11) NOT NULL,
  `annoInizio` year(4) NOT NULL,
  `annoFine` year(4) NOT NULL
) ENGINE=InnoDB DEFAULT CHARSET=utf8mb4 COLLATE=utf8mb4_general_ci;

--
-- Dump dei dati per la tabella `stagione`
--

INSERT INTO `stagione` (`idStagione`, `annoInizio`, `annoFine`) VALUES
(3, '2009', '2010'),
(4, '2010', '2011'),
(5, '2011', '2012'),
(6, '2012', '2013'),
(7, '2013', '2014'),
(8, '2014', '2015'),
(9, '2015', '2016'),
(10, '2016', '2017'),
(11, '2017', '2018'),
(12, '2018', '2019'),
(13, '2019', '2020'),
(14, '2020', '2021'),
(15, '2021', '2022'),
(16, '2022', '2023'),
(17, '2023', '2024'),
(18, '2024', '2025'),
(19, '2025', '2026');

-- --------------------------------------------------------

--
-- Struttura della tabella `statistiche`
--

CREATE TABLE `statistiche` (
  `idGiocatore` int(11) NOT NULL,
  `idStagione` int(11) NOT NULL,
  `presenze` int(11) DEFAULT 0,
  `gol` int(11) DEFAULT 0,
  `assist` int(11) DEFAULT 0,
  `minutiGiocati` int(11) DEFAULT 0
) ENGINE=InnoDB DEFAULT CHARSET=utf8mb4 COLLATE=utf8mb4_general_ci;

--
-- Dump dei dati per la tabella `statistiche`
--

INSERT INTO `statistiche` (`idGiocatore`, `idStagione`, `presenze`, `gol`, `assist`, `minutiGiocati`) VALUES
(1, 3, 11, 0, 0, 724),
(1, 4, 35, 0, 0, 3546),
(1, 5, 40, 0, 0, 3499),
(1, 6, 35, 0, 0, 3074),
(1, 7, 35, 0, 0, 3020),
(1, 8, 13, 0, 0, 1086),
(1, 9, 6, 0, 0, 552),
(1, 12, 39, 0, 0, 3360),
(2, 3, 7, 0, 0, 630),
(2, 11, 1, 0, 0, 90),
(3, 3, 29, 0, 0, 2066),
(4, 3, 33, 2, 0, 2919),
(4, 4, 39, 1, 1, 3436),
(4, 5, 34, 3, 0, 2883),
(5, 3, 23, 3, 0, 1891),
(5, 4, 37, 0, 1, 2858),
(5, 5, 24, 1, 0, 1993),
(6, 3, 7, 0, 0, 505),
(6, 4, 19, 0, 0, 1548),
(6, 5, 26, 0, 0, 1787),
(6, 6, 17, 0, 0, 1473),
(6, 7, 20, 0, 0, 1653),
(6, 8, 17, 0, 0, 1161),
(7, 3, 0, 0, 0, 0),
(8, 3, 12, 0, 0, 596),
(8, 4, 6, 0, 0, 263),
(9, 3, 22, 1, 1, 1764),
(9, 4, 28, 0, 1, 2073),
(9, 5, 24, 0, 0, 1812),
(9, 6, 8, 0, 0, 602),
(10, 3, 30, 0, 0, 2029),
(10, 4, 35, 0, 1, 2796),
(10, 5, 37, 0, 2, 3314),
(10, 6, 31, 0, 2, 2567),
(10, 7, 25, 1, 0, 1936),
(10, 9, 28, 1, 1, 2338),
(10, 10, 26, 0, 2, 2166),
(10, 11, 24, 1, 0, 1545),
(10, 12, 24, 0, 0, 1685),
(10, 17, 4, 0, 0, 39),
(11, 3, 24, 0, 0, 1744),
(11, 4, 20, 0, 0, 1767),
(11, 5, 15, 1, 0, 1160),
(12, 3, 14, 0, 0, 917),
(12, 4, 7, 0, 0, 435),
(13, 3, 34, 0, 4, 2951),
(13, 4, 22, 1, 3, 1592),
(14, 3, 25, 0, 1, 1251),
(14, 4, 27, 2, 0, 1764),
(14, 5, 2, 1, 0, 98),
(14, 6, 21, 4, 1, 1534),
(15, 3, 22, 0, 0, 1478),
(15, 4, 36, 2, 3, 2609),
(15, 5, 6, 0, 0, 259),
(16, 3, 30, 1, 2, 2321),
(16, 4, 22, 1, 2, 1568),
(16, 5, 28, 1, 2, 1843),
(16, 6, 24, 0, 1, 1567),
(17, 3, 29, 5, 3, 2211),
(17, 4, 38, 4, 7, 2707),
(17, 5, 26, 2, 3, 1676),
(18, 3, 11, 0, 1, 670),
(19, 3, 23, 12, 1, 1799),
(19, 4, 30, 14, 5, 1929),
(19, 5, 16, 3, 1, 776),
(19, 6, 7, 2, 1, 341),
(20, 3, 25, 7, 0, 1047),
(21, 3, 24, 2, 2, 764),
(21, 4, 9, 4, 1, 229),
(21, 5, 7, 1, 0, 70),
(22, 3, 36, 12, 13, 2886),
(22, 4, 16, 1, 4, 924),
(23, 4, 7, 0, 0, 588),
(24, 4, 5, 0, 0, 344),
(25, 4, 15, 0, 0, 1216),
(25, 5, 11, 1, 0, 916),
(25, 6, 17, 0, 0, 1292),
(26, 4, 9, 0, 0, 378),
(26, 5, 37, 2, 4, 2081),
(26, 6, 18, 2, 3, 1158),
(26, 7, 31, 0, 3, 2101),
(27, 4, 14, 1, 4, 1125),
(27, 5, 31, 0, 0, 2510),
(28, 4, 33, 3, 2, 2028),
(28, 5, 26, 8, 3, 1815),
(28, 6, 36, 3, 5, 2651),
(28, 9, 14, 1, 0, 350),
(29, 4, 17, 4, 7, 921),
(29, 5, 19, 4, 8, 1216),
(30, 4, 41, 14, 3, 2813),
(30, 5, 36, 9, 11, 2313),
(30, 6, 26, 2, 5, 1086),
(30, 7, 29, 4, 4, 1490),
(31, 4, 1, 0, 0, 6),
(32, 4, 37, 18, 11, 3182),
(32, 5, 40, 33, 10, 3527),
(32, 13, 17, 11, 5, 1508),
(32, 14, 19, 15, 2, 1493),
(32, 15, 27, 8, 2, 1179),
(32, 16, 4, 1, 0, 146),
(33, 15, 39, 0, 1, 3540),
(33, 16, 29, 0, 1, 2608),
(33, 17, 42, 0, 1, 3699),
(33, 18, 53, 0, 0, 4694),
(33, 19, 27, 0, 0, 2395),
(34, 19, 2, 0, 0, 125),
(35, 18, 35, 2, 1, 2765),
(35, 19, 24, 2, 1, 2063),
(36, 19, 19, 1, 0, 1256),
(37, 14, 17, 1, 0, 1466),
(37, 15, 40, 1, 0, 3353),
(37, 16, 45, 1, 1, 3797),
(37, 17, 35, 4, 0, 2840),
(37, 18, 35, 0, 2, 2668),
(37, 19, 25, 0, 3, 2053),
(38, 13, 6, 0, 0, 689),
(38, 14, 8, 0, 0, 557),
(38, 15, 10, 0, 0, 675),
(38, 16, 17, 1, 0, 900),
(38, 17, 25, 3, 1, 1808),
(38, 18, 36, 2, 0, 2803),
(38, 19, 24, 0, 0, 2035),
(39, 17, 8, 0, 0, 93),
(39, 19, 21, 2, 1, 1569),
(40, 19, 15, 0, 1, 945),
(41, 19, 17, 1, 1, 399),
(42, 19, 9, 0, 0, 386),
(43, 18, 52, 1, 9, 3882),
(43, 19, 23, 1, 3, 1591),
(44, 19, 23, 1, 3, 1134),
(45, 19, 20, 4, 4, 1740),
(46, 17, 40, 10, 1, 2842),
(46, 18, 28, 0, 1, 1390),
(46, 19, 26, 3, 1, 1342),
(47, 19, 26, 2, 3, 1963),
(48, 13, 6, 1, 0, 698),
(48, 14, 32, 2, 4, 2016),
(48, 15, 46, 2, 3, 2490),
(48, 16, 39, 4, 3, 1840),
(48, 19, 26, 2, 4, 2103),
(49, 13, 12, 6, 2, 1488),
(49, 14, 30, 6, 6, 1924),
(49, 15, 42, 14, 12, 3181),
(49, 16, 48, 16, 12, 3472),
(49, 17, 47, 15, 13, 3532),
(49, 18, 50, 12, 11, 3489),
(49, 19, 19, 8, 2, 1194),
(50, 17, 50, 15, 10, 3589),
(50, 18, 50, 17, 10, 3627),
(50, 19, 21, 10, 2, 1088),
(51, 19, 21, 6, 2, 1062),
(52, 18, 19, 6, 3, 897),
(52, 19, 11, 1, 1, 762),
(53, 19, 8, 1, 0, 239),
(54, 17, 9, 0, 0, 710),
(54, 18, 3, 0, 0, 171),
(55, 17, 1, 0, 0, 3),
(56, 16, 24, 0, 0, 1637),
(56, 17, 30, 0, 1, 2161),
(56, 18, 31, 1, 1, 2445),
(57, 17, 6, 0, 0, 128),
(57, 18, 17, 0, 0, 699),
(58, 13, 35, 7, 3, 3097),
(58, 14, 33, 7, 5, 2933),
(58, 15, 41, 5, 8, 3551),
(58, 16, 45, 4, 4, 3850),
(58, 17, 46, 5, 11, 4051),
(58, 18, 49, 5, 6, 4093),
(59, 17, 5, 0, 0, 208),
(59, 18, 28, 0, 2, 1662),
(60, 18, 26, 0, 0, 1861),
(61, 9, 8, 0, 0, 612),
(61, 10, 13, 0, 1, 999),
(61, 11, 29, 1, 3, 2281),
(61, 12, 33, 1, 2, 2529),
(61, 13, 18, 1, 1, 1799),
(61, 14, 32, 2, 1, 2647),
(61, 15, 33, 2, 2, 2588),
(61, 16, 33, 1, 4, 2275),
(61, 17, 41, 1, 4, 2958),
(61, 18, 14, 1, 0, 723),
(62, 18, 16, 0, 0, 1048),
(63, 15, 30, 2, 0, 1424),
(63, 16, 6, 0, 0, 203),
(63, 17, 40, 1, 7, 2144),
(64, 13, 32, 1, 1, 2875),
(64, 14, 21, 0, 2, 1326),
(64, 15, 40, 2, 1, 2107),
(64, 16, 40, 3, 2, 2720),
(64, 17, 25, 2, 2, 1334),
(64, 18, 8, 0, 1, 427),
(65, 17, 50, 4, 3, 3861),
(65, 18, 54, 15, 4, 4581),
(66, 17, 40, 0, 2, 2245),
(66, 18, 40, 0, 2, 2230),
(67, 18, 5, 0, 0, 165),
(69, 17, 36, 6, 3, 1027),
(69, 18, 17, 1, 2, 565),
(70, 18, 8, 0, 0, 147),
(71, 17, 4, 2, 0, 103),
(72, 17, 33, 3, 3, 1388),
(72, 18, 36, 5, 3, 1302),
(73, 18, 21, 3, 0, 1020),
(74, 18, 44, 10, 6, 1768),
(75, 18, 25, 6, 1, 1661),
(76, 17, 2, 0, 0, 14),
(77, 17, 30, 9, 1, 1255),
(78, 16, 1, 0, 0, 2),
(78, 17, 3, 0, 0, 267),
(79, 14, 13, 1, 1, 727),
(79, 15, 37, 1, 2, 2524),
(79, 16, 46, 1, 0, 3446),
(79, 17, 11, 0, 0, 509),
(80, 17, 6, 1, 0, 266),
(81, 17, 1, 0, 0, 68),
(82, 13, 19, 0, 0, 1621),
(82, 14, 28, 0, 2, 2393),
(82, 15, 14, 0, 0, 1072),
(82, 16, 24, 0, 0, 1578),
(82, 17, 25, 0, 1, 1465),
(83, 12, 2, 0, 0, 154),
(84, 16, 6, 0, 0, 144),
(84, 17, 33, 1, 2, 1860),
(85, 13, 6, 0, 1, 717),
(85, 14, 25, 1, 2, 723),
(85, 15, 35, 0, 1, 1811),
(85, 16, 34, 1, 1, 2480),
(85, 17, 14, 0, 0, 898),
(86, 16, 28, 3, 0, 1122),
(86, 17, 15, 0, 0, 468),
(88, 17, 5, 0, 0, 158),
(89, 13, 2, 0, 0, 18),
(90, 15, 38, 14, 3, 2509),
(90, 16, 47, 18, 7, 3193),
(90, 17, 47, 17, 10, 3331),
(91, 14, 1, 0, 0, 90),
(91, 15, 9, 0, 0, 810),
(91, 16, 23, 0, 1, 2100),
(95, 15, 12, 0, 0, 537),
(95, 16, 14, 1, 0, 658),
(97, 16, 14, 0, 0, 642),
(98, 14, 25, 0, 0, 1330),
(98, 15, 45, 5, 2, 3141),
(98, 16, 48, 2, 9, 3974),
(99, 15, 18, 0, 0, 619),
(99, 16, 3, 0, 0, 41),
(100, 12, 42, 1, 1, 3276),
(100, 16, 10, 0, 0, 322),
(102, 16, 40, 0, 1, 1497),
(103, 13, 19, 12, 4, 1677),
(103, 14, 27, 11, 4, 1776),
(103, 15, 29, 3, 2, 1121),
(103, 16, 31, 3, 2, 1241),
(104, 14, 27, 4, 3, 1228),
(104, 15, 40, 4, 5, 2421),
(104, 16, 45, 7, 7, 2656),
(105, 15, 32, 6, 2, 1752),
(105, 16, 36, 6, 2, 1932),
(106, 16, 36, 2, 1, 1207),
(107, 15, 1, 0, 0, 5),
(107, 16, 1, 0, 0, 9),
(110, 9, 40, 1, 0, 3514),
(110, 10, 29, 1, 1, 2579),
(110, 11, 41, 3, 0, 3551),
(110, 12, 40, 2, 0, 3606),
(110, 13, 39, 1, 1, 3481),
(110, 14, 22, 1, 1, 1907),
(110, 15, 26, 1, 2, 1917),
(111, 15, 1, 0, 0, 3),
(112, 11, 2, 0, 0, 157),
(112, 12, 15, 0, 3, 585),
(112, 13, 24, 0, 2, 2022),
(112, 14, 3, 0, 0, 28),
(112, 15, 1, 0, 0, 13),
(113, 11, 51, 5, 3, 4327),
(113, 12, 42, 8, 2, 3619),
(113, 13, 35, 4, 2, 3091),
(113, 14, 37, 13, 4, 3226),
(113, 15, 39, 7, 1, 2899),
(115, 13, 2, 0, 0, 27),
(115, 14, 5, 0, 0, 29),
(115, 15, 13, 1, 0, 247),
(116, 15, 1, 0, 0, 3),
(117, 12, 40, 4, 4, 1668),
(117, 13, 19, 3, 5, 1471),
(117, 14, 28, 1, 0, 1181),
(117, 15, 5, 0, 0, 125),
(118, 15, 6, 0, 0, 131),
(119, 9, 31, 0, 0, 2748),
(119, 10, 41, 0, 0, 3720),
(119, 11, 50, 0, 0, 4530),
(119, 13, 39, 0, 0, 3501),
(119, 14, 37, 0, 0, 3330),
(120, 11, 2, 0, 0, 210),
(120, 13, 1, 0, 0, 90),
(122, 13, 4, 0, 0, 405),
(122, 14, 1, 0, 0, 19),
(123, 11, 20, 1, 1, 1578),
(123, 12, 33, 1, 0, 2961),
(123, 13, 17, 0, 0, 1466),
(123, 14, 1, 0, 0, 34),
(125, 12, 29, 0, 1, 1288),
(125, 13, 1, 0, 0, 192),
(126, 14, 21, 1, 1, 1090),
(127, 11, 43, 8, 10, 3077),
(127, 12, 46, 4, 9, 3536),
(127, 13, 36, 11, 9, 2919),
(127, 14, 33, 4, 9, 2614),
(128, 14, 16, 0, 0, 588),
(131, 12, 17, 1, 2, 1165),
(131, 13, 13, 0, 1, 1204),
(133, 14, 18, 2, 0, 532),
(134, 14, 4, 0, 0, 94),
(135, 14, 10, 0, 0, 212),
(137, 13, 2, 0, 0, 129),
(138, 12, 12, 0, 0, 1080),
(138, 13, 1, 0, 0, 90),
(140, 11, 45, 3, 2, 3969),
(140, 12, 41, 0, 4, 3527),
(140, 13, 5, 0, 0, 386),
(141, 11, 37, 1, 0, 2844),
(141, 12, 19, 1, 0, 1288),
(141, 13, 8, 0, 1, 685),
(143, 13, 1, 0, 0, 25),
(144, 8, 6, 0, 1, 233),
(144, 9, 2, 0, 0, 124),
(144, 10, 37, 7, 11, 3112),
(144, 11, 47, 8, 8, 3705),
(144, 12, 41, 8, 10, 3432),
(144, 13, 15, 1, 2, 1386),
(145, 8, 34, 7, 4, 2664),
(145, 9, 39, 7, 8, 3306),
(145, 10, 22, 5, 3, 1866),
(145, 11, 44, 8, 2, 3344),
(145, 12, 10, 3, 1, 790),
(145, 13, 16, 4, 5, 1538),
(146, 12, 21, 11, 0, 1631),
(146, 13, 16, 5, 1, 1337),
(147, 11, 36, 8, 2, 1760),
(147, 13, 1, 0, 0, 60),
(148, 11, 41, 4, 6, 2235),
(148, 12, 29, 3, 2, 1503),
(148, 13, 1, 0, 0, 70),
(150, 12, 20, 1, 0, 1686),
(151, 12, 1, 0, 0, 90),
(158, 9, 30, 1, 1, 1995),
(158, 10, 18, 1, 0, 1119),
(158, 12, 4, 0, 0, 139),
(159, 9, 10, 0, 1, 471),
(159, 11, 3, 0, 0, 66),
(159, 12, 7, 0, 0, 320),
(161, 12, 3, 0, 0, 61),
(163, 12, 22, 8, 2, 1858),
(164, 10, 1, 0, 0, 6),
(164, 11, 42, 16, 2, 2451),
(164, 12, 43, 9, 2, 1932),
(167, 7, 7, 0, 0, 585),
(169, 11, 49, 2, 2, 4321),
(170, 10, 19, 0, 0, 1177),
(170, 11, 1, 0, 0, 10),
(171, 6, 28, 0, 2, 2302),
(171, 7, 26, 2, 0, 2332),
(171, 8, 13, 0, 1, 958),
(171, 9, 21, 1, 0, 1845),
(171, 10, 16, 1, 0, 1262),
(172, 8, 14, 0, 0, 1146),
(172, 10, 32, 2, 1, 2804),
(172, 11, 1, 0, 0, 90),
(173, 8, 12, 1, 0, 1056),
(173, 9, 32, 3, 1, 2698),
(173, 10, 9, 0, 1, 418),
(173, 11, 10, 0, 1, 372),
(174, 9, 2, 0, 0, 94),
(174, 10, 28, 2, 0, 1823),
(174, 11, 31, 0, 0, 1345),
(175, 6, 38, 4, 3, 3238),
(175, 7, 34, 3, 5, 2794),
(175, 8, 12, 0, 0, 807),
(175, 9, 35, 0, 1, 2928),
(175, 10, 9, 0, 0, 778),
(175, 11, 24, 1, 1, 1458),
(176, 10, 19, 0, 3, 1323),
(179, 11, 1, 0, 0, 10),
(180, 11, 41, 6, 4, 2232),
(181, 6, 22, 0, 1, 948),
(181, 7, 8, 0, 1, 240),
(181, 9, 21, 8, 4, 1400),
(181, 10, 18, 3, 2, 1120),
(184, 8, 28, 0, 0, 2514),
(184, 9, 9, 0, 0, 810),
(186, 9, 4, 0, 0, 262),
(188, 8, 23, 1, 0, 1574),
(188, 9, 25, 3, 1, 2091),
(189, 5, 20, 0, 0, 1638),
(189, 6, 31, 2, 1, 2715),
(189, 7, 27, 2, 0, 2311),
(189, 8, 20, 2, 0, 1671),
(189, 9, 7, 1, 0, 611),
(190, 6, 1, 0, 0, 45),
(190, 7, 12, 0, 0, 767),
(190, 8, 3, 1, 1, 210),
(196, 5, 45, 11, 2, 3741),
(196, 6, 29, 2, 1, 1904),
(196, 7, 13, 0, 1, 706),
(196, 9, 3, 0, 0, 135),
(198, 6, 16, 1, 0, 1254),
(198, 7, 41, 2, 3, 3505),
(198, 8, 30, 4, 0, 2684),
(198, 9, 6, 0, 0, 460),
(200, 10, 13, 1, 2, 652),
(201, 8, 18, 1, 4, 850),
(201, 9, 15, 0, 0, 837),
(202, 10, 12, 0, 1, 541),
(203, 9, 43, 20, 4, 3562),
(203, 10, 34, 14, 3, 2292),
(204, 10, 18, 4, 3, 1470),
(205, 10, 29, 8, 3, 1371),
(206, 9, 29, 6, 0, 1484),
(206, 10, 7, 0, 0, 127),
(207, 8, 34, 16, 4, 2779),
(207, 9, 12, 4, 0, 393),
(207, 10, 9, 1, 0, 228),
(208, 6, 13, 12, 0, 1146),
(208, 7, 38, 16, 6, 2892),
(208, 9, 23, 3, 1, 1006),
(209, 6, 35, 15, 3, 2016),
(209, 7, 18, 1, 0, 937),
(212, 5, 10, 0, 0, 821),
(212, 6, 12, 0, 0, 1066),
(212, 7, 6, 0, 0, 535),
(216, 7, 4, 1, 0, 309),
(218, 6, 31, 0, 2, 2297),
(218, 7, 26, 0, 0, 1972),
(220, 7, 16, 4, 1, 1215),
(224, 5, 24, 2, 2, 907),
(224, 6, 45, 18, 7, 3374),
(224, 8, 19, 3, 3, 1284),
(226, 7, 19, 2, 1, 982),
(227, 6, 1, 0, 0, 1),
(230, 6, 8, 0, 0, 642),
(234, 5, 10, 0, 0, 780),
(234, 6, 2, 0, 0, 155),
(235, 5, 5, 0, 0, 343),
(235, 6, 32, 0, 3, 2670),
(235, 7, 18, 0, 0, 1473),
(235, 8, 18, 0, 0, 1353),
(235, 9, 29, 0, 1, 2530),
(235, 10, 27, 0, 3, 2301),
(238, 5, 13, 3, 1, 1095),
(238, 6, 17, 2, 0, 1091),
(238, 7, 32, 6, 2, 2029),
(238, 8, 17, 2, 0, 1039),
(239, 6, 8, 0, 0, 120),
(241, 6, 25, 3, 2, 1068),
(243, 5, 8, 0, 0, 603),
(244, 5, 30, 1, 6, 1668),
(249, 5, 9, 1, 1, 258),
(252, 7, 36, 9, 5, 2894);

--
-- Indici per le tabelle scaricate
--

--
-- Indici per le tabelle `giocatore`
--
ALTER TABLE `giocatore`
  ADD PRIMARY KEY (`idGiocatore`);

--
-- Indici per le tabelle `stagione`
--
ALTER TABLE `stagione`
  ADD PRIMARY KEY (`idStagione`);

--
-- Indici per le tabelle `statistiche`
--
ALTER TABLE `statistiche`
  ADD PRIMARY KEY (`idGiocatore`,`idStagione`),
  ADD KEY `idStagione` (`idStagione`);

--
-- AUTO_INCREMENT per le tabelle scaricate
--

--
-- AUTO_INCREMENT per la tabella `giocatore`
--
ALTER TABLE `giocatore`
  MODIFY `idGiocatore` int(11) NOT NULL AUTO_INCREMENT, AUTO_INCREMENT=254;

--
-- AUTO_INCREMENT per la tabella `stagione`
--
ALTER TABLE `stagione`
  MODIFY `idStagione` int(11) NOT NULL AUTO_INCREMENT, AUTO_INCREMENT=20;

--
-- Limiti per le tabelle scaricate
--

--
-- Limiti per la tabella `statistiche`
--
ALTER TABLE `statistiche`
  ADD CONSTRAINT `statistiche_ibfk_1` FOREIGN KEY (`idGiocatore`) REFERENCES `giocatore` (`idGiocatore`) ON DELETE CASCADE ON UPDATE CASCADE,
  ADD CONSTRAINT `statistiche_ibfk_2` FOREIGN KEY (`idStagione`) REFERENCES `stagione` (`idStagione`) ON DELETE CASCADE ON UPDATE CASCADE;
COMMIT;

/*!40101 SET CHARACTER_SET_CLIENT=@OLD_CHARACTER_SET_CLIENT */;
/*!40101 SET CHARACTER_SET_RESULTS=@OLD_CHARACTER_SET_RESULTS */;
/*!40101 SET COLLATION_CONNECTION=@OLD_COLLATION_CONNECTION */;
